solid,structure,a0_model,B0_model,fit,a0_exp_zpae,a0_pbe,B0_exp,B0_pbe
Li,bcc,3.4161914480410034,13.545226625226436,bm,3.449,3.429,13.3,13.8
Na,bcc,4.285825323245396,9.183433165691191,bm-recentred,4.21,4.203,7.5,7.86
K,bcc,5.249640476234618,7.775214239316997,bm,5.212,5.284,3.7,3.44
Rb,bcc,5.613747138352966,8.240750491613163,bm,5.576,5.667,2.9,2.76
Cs,bcc,5.942842902700524,15.755873303810144,bm-recentred,6.039,6.207,2.1,1.72
Ca,fcc,5.5125167278300795,22.794852752180535,bm,5.553,5.521,18.4,17.0
Sr,fcc,6.043664240395858,13.821090437335329,bm,6.045,6.004,12.4,12.1
Ba,bcc,5.031125106999634,12.161731114827372,bm,4.995,5.022,9.3,7.91
Al,fcc,4.063076573883291,58.37197201608771,bm,4.02,4.037,79.4,78.0
Pb,fcc,5.041853559833806,38.58732097286071,bm,4.902,5.035,46.8,37.1
Cu,fcc,3.614067117979053,142.76222042679487,bm,3.595,3.628,142.0,142.0
Rh,fcc,3.84591419093858,241.29979210025775,bm,3.793,3.829,269.0,260.0
Pd,fcc,3.9655612819856634,157.26886482158736,bm,3.875,3.942,195.0,169.0
Ag,fcc,4.161365828562042,85.34008277643547,bm,4.056,4.147,109.0,91.0
C,diamond,3.5659540853377294,397.4447719204129,bm,3.543,3.569,443.0,434.0
Si,diamond,5.470991138972965,81.14857607508974,bm,5.416,5.466,99.2,89.2
SiC,zincblende,4.375591910854702,234.57059016097676,bm,4.342,4.377,225.0,210.0
Ge,diamond,5.742341634793733,55.130243777621025,bm,5.64,5.759,75.8,59.7
GaAs,zincblende,5.74361746415919,62.51255969229029,bm,5.638,5.746,75.6,61.3
NaCl,rocksalt,5.690892187816203,24.09116590673889,bm,5.565,5.7,26.6,23.6
NaF,rocksalt,4.670378100357896,46.50008948650827,bm,4.579,4.705,51.4,44.4
LiCl,rocksalt,5.157204235585906,32.83493310788209,bm,5.056,5.142,35.4,32.1
LiF,rocksalt,4.088779288165696,65.15703840643047,bm,3.964,4.062,69.8,67.1
MgO,rocksalt,4.255254535931494,141.44230855667442,bm,4.184,4.255,165.0,149.0
