material_id,e_hull_true,e_hull_pred,formula
wbm-4-5333,-0.111504,-0.11112684500558041,C1 Os2 Si2 Tb2
wbm-2-41070,0.038474,0.03523267138671848,In8 La2 Rh2
wbm-2-26717,0.013302,0.014402392578124775,Cu4 Mg2 Sc2
wbm-2-34902,0.363245,0.3702569915771489,O4 P1 Pd1
wbm-5-21401,0.82172,0.825500589416504,Ru4 Sr4
wbm-1-9391,0.109297,0.11409917910766601,Cd1 Cs3
wbm-4-675,0.021446,0.022497246203613243,Al3 Ca1 Zn1
wbm-3-45812,0.290399,0.2646393663024906,Na4 P2 Ru2
wbm-1-10815,0.071127,0.07140679747425455,Cl8 Dy2 Sr1
wbm-2-34601,0.428321,0.3907023275349935,Ag2 Co2 O8
wbm-4-16076,0.04314,0.037882568847657214,Fe1 H6 Tb2
wbm-2-25144,0.039067,0.039494670458983396,As2 Mg2 Sm1
wbm-1-46049,0.000499,-0.004326077067055927,Ni1 P1 Y1
wbm-4-34300,0.000673,0.0002936513977048402,Ir1 Rb1 Se2
wbm-3-53385,0.228463,0.2343123686523433,Ba2 Cd1 O6 Yb1
wbm-1-10504,-0.202669,-0.19875804475097691,Cl8 Sr2
wbm-2-11202,0.091363,0.08539971427408824,Cd1 Co4 Th1
wbm-3-25454,0.096809,0.10323532230631553,Dy1 Fe4 Zn1
wbm-3-66224,0.024259,0.024737056958007844,Br2 Sc2 Sn1
wbm-3-64494,0.173063,0.1678837190348306,Cd2 K2 S6 Zr2
wbm-2-49476,0.224596,0.22358004612038404,Ir6 Sb4 Sr1
wbm-3-33370,0.519557,0.5244077399495446,H1 In1 S1
wbm-1-24534,0.369847,0.3699068496093751,Al1 Li1 Os2
wbm-1-13759,-0.013885,-0.014010182698567982,Cu2 Ga2 Hf2
wbm-3-34550,0.16233,0.12062913793945326,In2 Np2 Pt2
wbm-5-18984,0.212473,0.21206526093207498,Ge2 In3 Re1 Sc3
wbm-2-29431,0.2183,0.21324431884765643,Cd2 N2 Ta6
wbm-3-76851,0.02272,0.02556450341796899,La2 Tl1 Zn2
wbm-3-43559,-0.050387,-0.05280721118164004,N2 Nd1 U1
wbm-3-15564,0.053747,0.04999032059733095,Co4 Ga6 U2
wbm-2-21070,0.387694,0.3831003131103517,Co1 H2 K2
wbm-2-8296,0.004605,0.006710398123604662,C1 Co2 Si2 Tm2
wbm-2-19362,0.13353,0.13539684753418,Au2 Gd2 Pb2
wbm-3-78395,0.017578,0.02357023701171922,Eu2 Ru2 Zn1
wbm-4-36959,-0.021533,-0.025735875549315976,Nd4 Sn4
wbm-3-8495,0.201816,0.2894422643377133,B4 Rh5 Ti2
wbm-1-44172,0.001106,-0.0012050021565755368,As4 F4 O4
wbm-3-26832,0.12527,0.12194400613403422,Fe2 Ru4 Sn2
wbm-2-34203,-0.040387,-0.04160392244466098,Cs2 Dy2 O6 Pd2
wbm-3-69356,0.082048,0.07919477853732625,Ru1 Si2 Zr6
wbm-2-15479,0.01928,0.018484624096679426,Cs3 F6 Nd1
wbm-1-50303,0.143654,0.14185659210759977,S6 Tl2 Zn3
wbm-2-46899,0.083936,0.08610787628173842,Ag1 Si1 Sm2
wbm-3-48163,0.016542,0.01895931826782221,In2 Ni4 Zr2
wbm-3-398,0.186404,0.18365350802612343,Ag1 Pb1 Pt2
wbm-1-2764,0.035389,0.03511210229492134,Al2 Si4 Sm2
wbm-2-49787,-0.066867,-0.06593560440063471,Cs1 Sm1 Te2
wbm-3-63589,0.254104,0.25434652001953084,Dy6 Pt1 S2
wbm-3-74434,0.202238,0.2191559482421873,Au1 Fe1 Ti2
wbm-5-5623,0.058204,0.053442542999267394,Cu4 Pa2 Tl2
wbm-1-56893,-0.059091,-0.05557051022338876,Hg2 Sm1 Sr1
wbm-4-2084,0.065299,0.06431687654622376,Al1 Ce3 Ga3 Ge2
wbm-1-52670,0.158287,0.15606153076171841,Mo4 Se6
wbm-3-54447,-0.279597,-0.27106254833984356,Ba2 Ni1 O6 Pa1
wbm-3-42417,-0.03196,-0.034213583374023374,Mn1 Ni1 Pt2
wbm-3-19247,0.403049,0.34967615834960947,Cd2 Cu4 Np4
wbm-1-12040,0.045944,0.043095329620360896,Co4 Sn4
wbm-2-16319,0.05565,0.05300009915161132,F6 In1 Sr1
wbm-1-6226,0.014941,0.014885184204101471,Br3 Cs1 Pb1
wbm-3-73977,0.110985,0.1068310900726318,Pb2 Sr1 Tl1
wbm-2-5324,0.05136,0.05174445166015605,B2 Ho1 Ru2
wbm-2-24150,0.031729,0.03434137976074202,Ce1 Li1 Pb2
wbm-4-4815,-0.032493,-0.03215613870239265,Ba2 Bi1 Br1
wbm-2-26846,0.233667,0.23145322433471666,Mg1 Si1 Tm2
wbm-1-32505,-0.014244,-0.012835492904663091,Cd2 Ge2 Na4
wbm-1-61071,0.100306,0.10239598718261722,Nd1 Rh2 Zn1
wbm-3-43657,0.479531,0.4781727481689447,N4 Sc2 Ti2
wbm-2-8025,0.13096,-0.024381537597655795,C2 I2 Np2
wbm-3-78585,0.14341,0.14833438461914092,Eu1 Sn3 Zn1
wbm-1-59270,0.115998,0.1082028851928702,Cu2 V2
wbm-3-41,0.013914,0.02078154217529284,Ag2 Ba3 In7
wbm-3-54886,-0.088389,-0.08802991474609384,Er1 Ir1 O6 Sr2
wbm-5-9996,0.302641,0.31558923961046,H6 Sc2 Ti1
wbm-3-31879,0.294548,0.28676939579264377,Ge2 I2 Zr2
wbm-3-5591,0.571179,0.9203446476643877,Al1 Lu1 Te1
wbm-3-19438,0.079521,0.07966095785086506,Cu2 Er2 In3
wbm-2-18668,-0.039021,-0.03849025781250029,Ba2 Ga3 Rh2
wbm-4-17987,0.471581,0.47853979121093765,Li2 N2 Zn1
wbm-1-17873,0.15113,0.025050542846679624,Fe1 Rh3
wbm-5-3949,0.193113,0.19419570113118537,Cd1 Ir5
wbm-1-22589,0.015573,0.015737662014431105,I6 K2 Pt1
wbm-5-10108,0.678112,0.6708108967132569,H2 I4 Si2
wbm-2-26538,0.160759,0.16136094536132842,Br2 Mg2 P2 S4
wbm-3-41372,0.15388,0.15448679568481347,Ag1 Dy2 Mn1
wbm-1-23510,0.028261,0.025056978108723447,F6 Li2 Sc1
wbm-3-8056,0.066202,0.06551779399414116,B4 Dy2 Rh4
wbm-3-26912,-0.034927,-0.030631232055664162,Cs2 Fe2 Se6 Tm2
wbm-3-56880,0.07739,0.07745207702636729,Br2 F2 Ge4 O2
wbm-4-2648,0.262899,0.2624181338907876,Al4 Pr4 Sb4
wbm-3-43340,0.034026,0.03442402758789043,Ho7 In3 N2
wbm-2-41759,-0.096822,-0.09167688302612258,Ac2 Ir1 Ru1
wbm-5-2228,0.428164,0.4224981344401049,B2 Pa1 Zn3
wbm-2-544,0.007825,0.0008019513956703268,Al2 Cu3 Pr1
wbm-2-14645,-1e-05,0.002580823296440836,Cu3 Tb3 Tl3
wbm-3-27708,0.435097,0.10113109966362888,Ga2 Pu6 Rh1
wbm-2-5121,0.12519,0.12656442711292656,B2 Ba2 O6 Tb1
wbm-2-13464,0.206939,0.21094982492065423,Cu6 In2 Rb4
wbm-2-29405,0.379561,0.37392763069661444,Br2 N2 Ta2
wbm-3-70987,0.507969,0.5066289545084639,Ba4 Fe6 Si2
wbm-3-13400,0.351057,0.23340478784179708,Ca4 Mn4 Zn4
wbm-1-45257,0.061285,0.06443780810546881,Os2 P2 Y1
wbm-1-17166,0.152381,0.17529195642089757,Co1 Fe3
wbm-3-2739,0.058691,0.06528215584309921,Al4 Ge2 Sc3
wbm-2-4935,-0.039068,-0.033254846093749964,B2 Co2 Dy3 N3
wbm-3-26134,0.02905,0.02697253963216143,Fe2 Ga6 Lu4
wbm-2-20248,0.214506,0.21442572440592392,Ag1 Er1 Ge1
wbm-5-3424,0.131778,0.12362463146972696,C2 Np4 Te2
wbm-3-65727,-0.027316,-0.02738370538330103,Sb8 Tm4
wbm-1-29198,0.728545,0.5285804930419924,Mn2 Tc1 Tl1
wbm-4-39399,0.336484,0.33982440653991697,As1 Se3 Zn4
wbm-3-23441,0.000165,-0.004258022026909695,Cs2 F6 Sc1
wbm-3-43116,0.149533,0.15442473165893497,Mn2 Sb2 Zr4
wbm-3-49036,0.410779,0.4026979411010745,Ga1 Ni1 Os2
wbm-3-12279,0.783327,0.7937782177490232,C1 Nd1 Zn3
wbm-1-27489,0.250768,0.2557143738490516,As1 Ir5 Mg1
wbm-3-6006,0.083222,0.08872296365356368,As4 Pd2 Tb2
wbm-3-11213,0.185808,0.18178318463134807,C4 Fe1 Sc3
wbm-4-7469,0.230173,0.2377007626065338,Ba3 Co4 In4
wbm-1-60925,0.029919,0.028894569458007585,Ir3 Zn1
wbm-3-58684,0.248594,0.2670481358506922,Gd3 Os3 P3
wbm-5-1512,0.044,0.04869443193359353,Al1 Nb2 Ni2
wbm-2-49125,0.363964,0.3272509500488283,Ru4 Sn2 Sr4
wbm-2-40658,0.012118,0.007242074480329468,In3 Rh2 Yb2
wbm-3-78638,-0.106938,-0.10468811743164089,Pt2 Sr2 Zn1
wbm-3-20208,0.002191,-0.00432251135253897,Cu4 Zn1 Zr1
wbm-5-21612,0.175725,0.16857519647894995,Ga3 Ge2 Os1 Ti3
wbm-2-20011,-0.04126,-0.03988687021484364,Gd1 Ge3 Rh1
wbm-1-12582,0.621666,0.5249855472106943,Cr1 Cu1
wbm-4-11707,0.451042,0.43507425654296733,Fe2 Ni1 Sm2
wbm-2-13875,0.024097,0.021556743850707792,Cd4 Cu2 Tm2
wbm-2-41382,0.113489,0.11685685677083285,Pb1 Rh1 Tm1
wbm-5-8124,0.265647,0.25919403955078085,Fe1 Ir2 Pr1
wbm-4-4388,0.313813,0.3109368359619143,Au3 B1 In1
wbm-4-23312,-0.089886,-0.08950147391764326,Na2 Pd2 Se6 U2
wbm-1-50298,-0.021296,-0.017923355322264873,Rh1 S6 Ti3
wbm-4-31897,-0.014922,-0.019990442187500464,Ru2 Th2 Tl1
wbm-3-31839,0.026842,0.02622743231201127,Ge2 Pd4 Y2
wbm-5-21761,-0.013223,-0.014571790435790726,Ga1 Ir1 Rh1 Ti1
wbm-1-54555,0.104174,0.10814462333984338,Co12 Ir4 Si4
wbm-1-51844,0.135808,0.13722265811157194,Cu2 Mn1 Sc1
wbm-3-64839,0.350771,0.2860617592773434,As1 S3 V4
wbm-2-50622,0.184055,0.16765338055419945,As2 Sb2 V4
wbm-1-783,-0.014555,-0.019372050618489303,Al2 La3 Ni4
wbm-2-18481,0.041397,0.05406987060546885,Ga4 Pd2 U2
wbm-2-45955,0.07469,0.07803480343627953,Pd2 Si4 U2
wbm-1-37784,-0.088507,-0.0903232295898434,I2 O4 Sb2 Sr2
wbm-4-20826,0.298038,0.3655340966491698,Dy1 Mn2 Zn1
wbm-3-65898,0.156918,0.15520315285237585,Au1 Ho1 Sb1
wbm-2-25880,0.05132,0.04845899212646506,Cu4 Hf2 Mg2
wbm-2-49488,-0.002079,-0.004660789428711012,Au2 Sn4 Sr2
wbm-2-43560,0.057778,0.06129075908745663,Ce6 Ir1 Sb2
wbm-4-16344,0.06919,0.06926855684407629,Ce1 H8 Ni1 Zn2
wbm-1-41238,0.355442,0.3751720501154118,O4 Se3 Yb4
wbm-4-21530,0.071187,0.0745132613118481,Mn4 Np8
wbm-3-3337,0.215853,0.2136253475477431,Al6 Bi2 Ru1
wbm-2-36864,-0.037693,-0.03702313334147125,Cs1 Ga1 O8 S2
wbm-1-44512,0.528282,0.4667428342590344,Fe2 O2 P2 Y2
wbm-1-41871,-0.012091,-0.014341468306109087,O5 Pu2 S2 Ti2
wbm-3-13658,0.112426,0.18730373237304718,Br4 Ca2 Se4
wbm-2-33779,0.145004,0.14673437041015655,Er2 O2 S1
wbm-1-22531,0.130105,0.13122959849330348,Br4 K2 Rh1
wbm-4-31944,0.264649,0.2582839930419919,Ru6 Th2
wbm-1-36197,0.080466,0.07462294600423165,Ni2 Y4
wbm-3-43425,0.275804,0.2683820115356453,Er1 Mn1 N2
wbm-3-59900,0.05194,0.05559822375488278,In1 Pd4 Sm1
wbm-2-42226,0.185089,0.18921873692491337,La6 Rh1 S2
wbm-3-74551,-0.001779,-4.125317382855094e-05,Cr1 Se6 Ti3
wbm-2-39038,-0.016455,0.0007084861653645601,P4 Ru4 Yb4
wbm-3-65586,0.067078,0.0698540227050777,Bi2 S2 Sm2
wbm-1-30166,-0.033368,-0.035108901123046966,Mo1 Pd4
wbm-1-29681,0.173659,0.22363691950480136,Hg5 Mn1
wbm-3-71491,0.048156,0.04444267260742176,Ho2 Ni3 Si1
wbm-1-31452,0.196406,0.19799496541341136,Lu5 N5 O2
wbm-1-33604,0.1191,0.11353133673095746,Au2 Na1 Sc1
wbm-2-15311,0.014312,0.015904088623046715,Al1 Cs1 F6 Rb2
wbm-3-64381,0.082951,0.08449205485026079,Cu2 K2 Nb2 S6
wbm-1-11038,0.29038,0.28808587866211005,Co2 Ga1 Pr1
wbm-4-10271,-1.048408,-1.048917743041993,F8 Na2 Pa2
wbm-5-7699,0.376794,0.16864908300781217,Fe2 Pu1 Zr1
wbm-2-31333,0.63899,0.6358561954345705,Cd2 Ni4 Sm4
wbm-3-56410,0.062167,0.05863163696289089,Mn1 O8 P2 Rb1
wbm-3-69844,0.129811,0.13753063507951974,Co2 Ni1 Si4
wbm-3-52731,0.262876,0.26269950656960195,Mn2 O5 Se2 Tb2
wbm-4-14832,-0.032367,-0.032308918457031065,Br4 Ge1 Yb1
wbm-1-23194,-0.058435,-0.056905519612630226,Cu2 K2 Se6 Ti2
wbm-2-24912,0.104091,0.09220874564615837,Fe2 Li2 Si8
wbm-5-22107,0.200093,0.17731905401611328,Ge1 Pt2 V1
wbm-3-62927,0.106217,0.10423613956705709,Cd2 Ru2 Sn2
wbm-2-5034,-0.053203,-0.04919560224609343,B2 N3 Pr3 Rh2
wbm-1-8852,0.285047,0.2508476143391926,Ca2 Mn2 Sn2
wbm-2-41380,-0.069554,-0.06377968615722662,Bi1 Rh1 Tm1
wbm-2-45272,0.27663,0.2732641349945069,Se2 Sn6
wbm-3-50883,0.120674,0.12731705078124983,Cs2 Ir2 O6 Pr2
wbm-3-50684,-0.030969,-0.027085586629231193,O8 Sr4
wbm-1-40186,0.129897,0.21579169746093804,Hf2 O6 Zn2
wbm-1-37104,-0.125777,-0.12653602155761787,K2 O2 Rh1
wbm-1-7512,0.37931,0.3679879704589852,C1 Mn1
wbm-1-17109,0.56958,0.5962841429748547,Fe2 Sb1 Y1
wbm-4-2415,0.336816,0.33822555682373,Al2 Ni4 Pd2
wbm-1-11720,0.254877,0.25506889880370975,Au2 Co1 Hf1
wbm-2-52148,0.21401,0.21382023539225276,Pb4 U4 Zn4
wbm-1-28298,0.248518,0.24803475306919642,Co5 Mg1 P1
wbm-3-66463,0.167129,0.1718544716525605,Fe2 Ni4 Sc3
wbm-4-18113,-0.013879,-0.015617595174153091,As2 Er1 Li1 Pd2
wbm-4-27564,0.17532,0.17090426860351546,Hg1 O6 Pu1 Sr2
wbm-2-701,0.199112,0.19346986020507778,Al2 Mn2 Tb1
wbm-3-13508,0.245611,0.23934558514404333,Ca1 Pd1 Sn2
wbm-3-16777,0.124065,0.12240864914279424,Cd3 Co3 Tb3
wbm-2-22759,0.039422,0.04883488105468774,In2 Pt4 U4
wbm-2-49321,0.469032,0.47361363690185654,Ir2 Sr2
wbm-3-44925,0.223359,0.21570811909179724,Dy6 F1 N1 Pb2
wbm-4-23687,0.180027,0.18249817727661105,As1 Ni2 Pr1
wbm-4-33222,0.047963,0.04567525301106736,La2 S2 Sn2
wbm-3-71526,0.007842,0.005384222547743052,Lu3 Ni3 Si3
wbm-4-11523,0.18757,0.19898407650756852,Er3 Fe2 Pb3
wbm-1-4291,0.015002,0.007890322753906038,B2 Mn1 Mo2
wbm-3-42077,0.149005,0.14669738911132874,Ge6 Mn2 U2
wbm-3-31078,0.058074,0.07114787763671952,Ge2 Ir4 U4
wbm-3-11128,0.089488,0.08575048031616171,C4 Fe1 Tm3
wbm-3-22267,0.032169,0.009314241119385058,Al1 F6 Sr1
wbm-3-16038,0.018206,0.017585363696289158,Co2 Sn1 Tb2
wbm-3-52671,0.028924,0.019088550645616258,Co2 Cs2 O5
wbm-1-30609,0.204207,0.1801213037109368,N4 S2 Ta4
wbm-3-39054,0.019421,0.029866155456542566,Ge2 Mg2 Pd2
wbm-2-46772,0.045025,0.04368973925781274,Lu3 Rh4 Si4
wbm-3-35920,0.314074,0.32015209893798807,Ir4 La2 Pb2
wbm-1-9857,0.091755,0.09280868710937493,Cl4 I4 Ti2
wbm-1-13512,0.184087,0.18131609027099624,Ba1 Cu4 In1
wbm-4-27944,-0.004709,9.391464843807283e-05,Ba2 O6 Os1 Zr1
wbm-3-50189,0.697763,0.6828171098904084,Br4 Cs2 O2 Th1
wbm-1-59922,0.996506,0.5453805191786022,Cs3 Pd3 Y3
wbm-4-14887,0.089249,0.060881448567708246,Ge1 Hf2 Ir3
wbm-2-2732,0.078092,0.07686815688476667,Al1 Ge3 Sr1
wbm-4-15518,0.325068,0.3489905240145593,H2 O6 P2 Pb1
wbm-2-2931,0.192354,0.19134766989474775,Al3 Nb3 Pd3
wbm-2-3923,0.082516,0.0785296786804199,As6 Pr2
wbm-1-4626,0.056919,0.06268060134055342,B4 Ca2 Ni5
wbm-4-8904,1.111396,1.0980628110427857,Ce1 Cs2 Tb1
wbm-4-31029,0.039587,0.04257889350585893,Dy2 Rh2 Sn1
wbm-1-33764,0.454664,0.45041179479980437,Hf2 Na1 Tc1
wbm-3-76635,0.064474,0.0709287138061526,Au2 U2 Zn4
wbm-2-29166,0.199842,0.19209590761718723,Mo2 N6 Y2
wbm-3-12354,0.013833,0.011760024682617514,Ca2 Cu2 In1
wbm-3-20828,0.121999,0.11409530665806361,Ba1 Cu1 In5
wbm-3-9812,0.371601,0.36219968725585905,B2 Pt8 V2
wbm-3-46657,0.095666,0.0960029202270509,Na4 Rh4 Tl4
wbm-2-22267,-1.658392,-1.6515836875305174,Gd2 I6
wbm-1-19649,0.069847,0.07235947928292438,Ag1 Ge1 Pt5
wbm-3-29965,0.389421,0.3889969657958985,Ge4 Nd4 Rb2
wbm-1-38317,0.066932,0.06035689824218783,Ca2 O6 Ru2
