solid,structure,a0_exp_zpae,a0_pbe,B0_exp,B0_pbe
Li,bcc,3.449,3.429,13.3,13.8
Na,bcc,4.210,4.203,7.50,7.86
K,bcc,5.212,5.284,3.70,3.44
Rb,bcc,5.576,5.667,2.90,2.76
Cs,bcc,6.039,6.207,2.10,1.72
Ca,fcc,5.553,5.521,18.4,17.0
Sr,fcc,6.045,6.004,12.4,12.1
Ba,bcc,4.995,5.022,9.30,7.91
Al,fcc,4.020,4.037,79.4,78.0
Pb,fcc,4.902,5.035,46.8,37.1
Cu,fcc,3.595,3.628,142,142
Rh,fcc,3.793,3.829,269,260
Pd,fcc,3.875,3.942,195,169
Ag,fcc,4.056,4.147,109,91
C,diamond,3.543,3.569,443,434
Si,diamond,5.416,5.466,99.2,89.2
SiC,zincblende,4.342,4.377,225,210
Ge,diamond,5.640,5.759,75.8,59.7
GaAs,zincblende,5.638,5.746,75.6,61.3
NaCl,rocksalt,5.565,5.700,26.6,23.6
NaF,rocksalt,4.579,4.705,51.4,44.4
LiCl,rocksalt,5.056,5.142,35.4,32.1
LiF,rocksalt,3.964,4.062,69.8,67.1
MgO,rocksalt,4.184,4.255,165,149
